{
  "rf": {
    "accuracy": 0.9574468085106383,
    "f1_macro": 0.9585858585858587,
    "classification_report": {
      "0": {
        "precision": 0.9354838709677419,
        "recall": 1.0,
        "f1-score": 0.9666666666666667,
        "support": 58.0
      },
      "1": {
        "precision": 1.0,
        "recall": 1.0,
        "f1-score": 1.0,
        "support": 12.0
      },
      "2": {
        "precision": 1.0,
        "recall": 0.8333333333333334,
        "f1-score": 0.9090909090909091,
        "support": 24.0
      },
      "accuracy": 0.9574468085106383,
      "macro avg": {
        "precision": 0.978494623655914,
        "recall": 0.9444444444444445,
        "f1-score": 0.9585858585858587,
        "support": 94.0
      },
      "weighted avg": {
        "precision": 0.9601921757035002,
        "recall": 0.9574468085106383,
        "f1-score": 0.9562217923920051,
        "support": 94.0
      }
    },
    "confusion_matrix": [
      [
        58,
        0,
        0
      ],
      [
        0,
        12,
        0
      ],
      [
        4,
        0,
        20
      ]
    ],
    "test_eval": {
      "accuracy": 0.7872340425531915,
      "f1_macro": 0.6199376947040499,
      "classification_report": {
        "0": {
          "precision": 0.7540983606557377,
          "recall": 1.0,
          "f1-score": 0.8598130841121495,
          "support": 92.0
        },
        "1": {
          "precision": 1.0,
          "recall": 1.0,
          "f1-score": 1.0,
          "support": 19.0
        },
        "2": {
          "precision": 0.0,
          "recall": 0.0,
          "f1-score": 0.0,
          "support": 30.0
        },
        "accuracy": 0.7872340425531915,
        "macro avg": {
          "precision": 0.5846994535519126,
          "recall": 0.6666666666666666,
          "f1-score": 0.6199376947040499,
          "support": 141.0
        },
        "weighted avg": {
          "precision": 0.6267875828392047,
          "recall": 0.7872340425531915,
          "f1-score": 0.6957645655199841,
          "support": 141.0
        }
      },
      "confusion_matrix": [
        [
          92,
          0,
          0
        ],
        [
          0,
          19,
          0
        ],
        [
          30,
          0,
          0
        ]
      ]
    }
  },
  "xgb": {
    "accuracy": 1.0,
    "f1_macro": 1.0,
    "classification_report": {
      "0": {
        "precision": 1.0,
        "recall": 1.0,
        "f1-score": 1.0,
        "support": 58.0
      },
      "1": {
        "precision": 1.0,
        "recall": 1.0,
        "f1-score": 1.0,
        "support": 12.0
      },
      "2": {
        "precision": 1.0,
        "recall": 1.0,
        "f1-score": 1.0,
        "support": 24.0
      },
      "accuracy": 1.0,
      "macro avg": {
        "precision": 1.0,
        "recall": 1.0,
        "f1-score": 1.0,
        "support": 94.0
      },
      "weighted avg": {
        "precision": 1.0,
        "recall": 1.0,
        "f1-score": 1.0,
        "support": 94.0
      }
    },
    "confusion_matrix": [
      [
        58,
        0,
        0
      ],
      [
        0,
        12,
        0
      ],
      [
        0,
        0,
        24
      ]
    ],
    "test_eval": {
      "accuracy": 1.0,
      "f1_macro": 1.0,
      "classification_report": {
        "0": {
          "precision": 1.0,
          "recall": 1.0,
          "f1-score": 1.0,
          "support": 92.0
        },
        "1": {
          "precision": 1.0,
          "recall": 1.0,
          "f1-score": 1.0,
          "support": 19.0
        },
        "2": {
          "precision": 1.0,
          "recall": 1.0,
          "f1-score": 1.0,
          "support": 30.0
        },
        "accuracy": 1.0,
        "macro avg": {
          "precision": 1.0,
          "recall": 1.0,
          "f1-score": 1.0,
          "support": 141.0
        },
        "weighted avg": {
          "precision": 1.0,
          "recall": 1.0,
          "f1-score": 1.0,
          "support": 141.0
        }
      },
      "confusion_matrix": [
        [
          92,
          0,
          0
        ],
        [
          0,
          19,
          0
        ],
        [
          0,
          0,
          30
        ]
      ]
    }
  },
  "lgbm": {
    "accuracy": 1.0,
    "f1_macro": 1.0,
    "classification_report": {
      "0": {
        "precision": 1.0,
        "recall": 1.0,
        "f1-score": 1.0,
        "support": 58.0
      },
      "1": {
        "precision": 1.0,
        "recall": 1.0,
        "f1-score": 1.0,
        "support": 12.0
      },
      "2": {
        "precision": 1.0,
        "recall": 1.0,
        "f1-score": 1.0,
        "support": 24.0
      },
      "accuracy": 1.0,
      "macro avg": {
        "precision": 1.0,
        "recall": 1.0,
        "f1-score": 1.0,
        "support": 94.0
      },
      "weighted avg": {
        "precision": 1.0,
        "recall": 1.0,
        "f1-score": 1.0,
        "support": 94.0
      }
    },
    "confusion_matrix": [
      [
        58,
        0,
        0
      ],
      [
        0,
        12,
        0
      ],
      [
        0,
        0,
        24
      ]
    ],
    "test_eval": {
      "accuracy": 1.0,
      "f1_macro": 1.0,
      "classification_report": {
        "0": {
          "precision": 1.0,
          "recall": 1.0,
          "f1-score": 1.0,
          "support": 92.0
        },
        "1": {
          "precision": 1.0,
          "recall": 1.0,
          "f1-score": 1.0,
          "support": 19.0
        },
        "2": {
          "precision": 1.0,
          "recall": 1.0,
          "f1-score": 1.0,
          "support": 30.0
        },
        "accuracy": 1.0,
        "macro avg": {
          "precision": 1.0,
          "recall": 1.0,
          "f1-score": 1.0,
          "support": 141.0
        },
        "weighted avg": {
          "precision": 1.0,
          "recall": 1.0,
          "f1-score": 1.0,
          "support": 141.0
        }
      },
      "confusion_matrix": [
        [
          92,
          0,
          0
        ],
        [
          0,
          19,
          0
        ],
        [
          0,
          0,
          30
        ]
      ]
    }
  }
}