{
  "rf": {
    "accuracy": 0.8829787234042553,
    "f1_macro": 0.5976051239209134,
    "classification_report": {
      "0": {
        "precision": 0.8791208791208791,
        "recall": 1.0,
        "f1-score": 0.935672514619883,
        "support": 80.0
      },
      "1": {
        "precision": 1.0,
        "recall": 0.75,
        "f1-score": 0.8571428571428571,
        "support": 4.0
      },
      "2": {
        "precision": 0.0,
        "recall": 0.0,
        "f1-score": 0.0,
        "support": 10.0
      },
      "accuracy": 0.8829787234042553,
      "macro avg": {
        "precision": 0.6263736263736264,
        "recall": 0.5833333333333334,
        "f1-score": 0.5976051239209134,
        "support": 94.0
      },
      "weighted avg": {
        "precision": 0.7907411737198972,
        "recall": 0.8829787234042553,
        "f1-score": 0.832791197852788,
        "support": 94.0
      }
    },
    "confusion_matrix": [
      [
        80,
        0,
        0
      ],
      [
        1,
        3,
        0
      ],
      [
        10,
        0,
        0
      ]
    ],
    "test_eval": {
      "accuracy": 0.851063829787234,
      "f1_macro": 0.6368794326241135,
      "classification_report": {
        "0": {
          "precision": 0.8359375,
          "recall": 1.0,
          "f1-score": 0.9106382978723404,
          "support": 107.0
        },
        "1": {
          "precision": 1.0,
          "recall": 1.0,
          "f1-score": 1.0,
          "support": 13.0
        },
        "2": {
          "precision": 0.0,
          "recall": 0.0,
          "f1-score": 0.0,
          "support": 21.0
        },
        "accuracy": 0.851063829787234,
        "macro avg": {
          "precision": 0.6119791666666666,
          "recall": 0.6666666666666666,
          "f1-score": 0.6368794326241135,
          "support": 141.0
        },
        "weighted avg": {
          "precision": 0.7265625,
          "recall": 0.851063829787234,
          "f1-score": 0.7832503395201449,
          "support": 141.0
        }
      },
      "confusion_matrix": [
        [
          107,
          0,
          0
        ],
        [
          0,
          13,
          0
        ],
        [
          21,
          0,
          0
        ]
      ]
    }
  },
  "xgb": {
    "accuracy": 0.9893617021276596,
    "f1_macro": 0.9503105590062111,
    "classification_report": {
      "0": {
        "precision": 0.9876543209876543,
        "recall": 1.0,
        "f1-score": 0.9937888198757764,
        "support": 80.0
      },
      "1": {
        "precision": 1.0,
        "recall": 0.75,
        "f1-score": 0.8571428571428571,
        "support": 4.0
      },
      "2": {
        "precision": 1.0,
        "recall": 1.0,
        "f1-score": 1.0,
        "support": 10.0
      },
      "accuracy": 0.9893617021276596,
      "macro avg": {
        "precision": 0.9958847736625515,
        "recall": 0.9166666666666666,
        "f1-score": 0.9503105590062111,
        "support": 94.0
      },
      "weighted avg": {
        "precision": 0.9894930391384291,
        "recall": 0.9893617021276596,
        "f1-score": 0.9886348619003568,
        "support": 94.0
      }
    },
    "confusion_matrix": [
      [
        80,
        0,
        0
      ],
      [
        1,
        3,
        0
      ],
      [
        0,
        0,
        10
      ]
    ],
    "test_eval": {
      "accuracy": 1.0,
      "f1_macro": 1.0,
      "classification_report": {
        "0": {
          "precision": 1.0,
          "recall": 1.0,
          "f1-score": 1.0,
          "support": 107.0
        },
        "1": {
          "precision": 1.0,
          "recall": 1.0,
          "f1-score": 1.0,
          "support": 13.0
        },
        "2": {
          "precision": 1.0,
          "recall": 1.0,
          "f1-score": 1.0,
          "support": 21.0
        },
        "accuracy": 1.0,
        "macro avg": {
          "precision": 1.0,
          "recall": 1.0,
          "f1-score": 1.0,
          "support": 141.0
        },
        "weighted avg": {
          "precision": 1.0,
          "recall": 1.0,
          "f1-score": 1.0,
          "support": 141.0
        }
      },
      "confusion_matrix": [
        [
          107,
          0,
          0
        ],
        [
          0,
          13,
          0
        ],
        [
          0,
          0,
          21
        ]
      ]
    }
  },
  "lgbm": {
    "accuracy": 0.9893617021276596,
    "f1_macro": 0.980385746976136,
    "classification_report": {
      "0": {
        "precision": 0.9876543209876543,
        "recall": 1.0,
        "f1-score": 0.9937888198757764,
        "support": 80.0
      },
      "1": {
        "precision": 1.0,
        "recall": 1.0,
        "f1-score": 1.0,
        "support": 4.0
      },
      "2": {
        "precision": 1.0,
        "recall": 0.9,
        "f1-score": 0.9473684210526315,
        "support": 10.0
      },
      "accuracy": 0.9893617021276596,
      "macro avg": {
        "precision": 0.9958847736625515,
        "recall": 0.9666666666666667,
        "f1-score": 0.980385746976136,
        "support": 94.0
      },
      "weighted avg": {
        "precision": 0.9894930391384291,
        "recall": 0.9893617021276596,
        "f1-score": 0.9891147851126427,
        "support": 94.0
      }
    },
    "confusion_matrix": [
      [
        80,
        0,
        0
      ],
      [
        0,
        4,
        0
      ],
      [
        1,
        0,
        9
      ]
    ],
    "test_eval": {
      "accuracy": 1.0,
      "f1_macro": 1.0,
      "classification_report": {
        "0": {
          "precision": 1.0,
          "recall": 1.0,
          "f1-score": 1.0,
          "support": 107.0
        },
        "1": {
          "precision": 1.0,
          "recall": 1.0,
          "f1-score": 1.0,
          "support": 13.0
        },
        "2": {
          "precision": 1.0,
          "recall": 1.0,
          "f1-score": 1.0,
          "support": 21.0
        },
        "accuracy": 1.0,
        "macro avg": {
          "precision": 1.0,
          "recall": 1.0,
          "f1-score": 1.0,
          "support": 141.0
        },
        "weighted avg": {
          "precision": 1.0,
          "recall": 1.0,
          "f1-score": 1.0,
          "support": 141.0
        }
      },
      "confusion_matrix": [
        [
          107,
          0,
          0
        ],
        [
          0,
          13,
          0
        ],
        [
          0,
          0,
          21
        ]
      ]
    }
  }
}